SET SQL_MODE = "NO_AUTO_VALUE_ON_ZERO";
START TRANSACTION;
SET time_zone = "+00:00";


/*!40101 SET @OLD_CHARACTER_SET_CLIENT=@@CHARACTER_SET_CLIENT */;
/*!40101 SET @OLD_CHARACTER_SET_RESULTS=@@CHARACTER_SET_RESULTS */;
/*!40101 SET @OLD_COLLATION_CONNECTION=@@COLLATION_CONNECTION */;
/*!40101 SET NAMES utf8mb4 */;

--
-- Cơ sở dữ liệu: `food`
--

-- --------------------------------------------------------

--
-- Cấu trúc bảng cho bảng `cthoadon`
--
DROP TABLE IF EXISTS `cthoadon`;
CREATE TABLE `cthoadon` (
  `MaHD` int(11) NOT NULL,
  `MaSP` int(11) NOT NULL,
  `SoLuong` int(11) NOT NULL,
  `DonGia` int(11) NOT NULL,
  `ThanhTien` int(11) NOT NULL
) ENGINE=InnoDB DEFAULT CHARSET=utf8mb4;

--
-- Đang đổ dữ liệu cho bảng `cthoadon`
--
INSERT INTO `cthoadon` (`MaHD`, `MaSP`, `SoLuong`, `DonGia`, `ThanhTien`) VALUES
(18, 114, 2, 159000, 318000),
(18, 122, 3, 249000, 747000),
(18, 124, 6, 19000, 114000),
(18, 130, 2, 19000, 38000),
(18, 132, 2, 25000, 50000),
(19, 115, 2, 119000, 238000),
(19, 120, 1, 239000, 239000),
(19, 128, 4, 19000, 76000),
(19, 131, 5, 10000, 50000),
(20, 118, 1, 129000, 129000),
(20, 120, 2, 239000, 478000),
(20, 129, 5, 19000, 38000),
(20, 130, 5, 19000, 95000),
(20, 131, 10, 10000, 100000),
(21, 112, 3, 129000, 387000),
(21, 117, 2, 149000, 298000),
(21, 126, 10, 19000, 190000),
(21, 127, 3, 29000, 87000),
(21, 128, 15, 19000, 285000),
(21, 131, 6, 10000, 60000),
(22, 114, 5, 159000, 795000),
(22, 127, 10, 29000, 290000),
(22, 129, 6, 19000, 95000),
(22, 132, 3, 25000, 75000),
(23, 112, 3, 129000, 387000),
(23, 113, 1, 119000, 119000),
(23, 118, 1, 129000, 129000),
(23, 128, 6, 19000, 114000),
(23, 131, 5, 10000, 50000),
(23, 132, 2, 25000, 25000),
(24, 115, 1, 119000, 119000),
(24, 116, 1, 130000, 130000),
(24, 119, 1, 239000, 239000),
(24, 126, 6, 19000, 114000),
(24, 127, 3, 29000, 87000),
(24, 131, 7, 10000, 70000),
(24, 132, 4, 25000, 100000),
(25, 118, 1, 129000, 129000),
(25, 121, 1, 229000, 229000),
(25, 130, 4, 19000, 76000),
(25, 131, 5, 10000, 50000),
(25, 132, 3, 25000, 75000),
(26, 111, 3, 169000, 507000),
(26, 120, 3, 239000, 717000),
(26, 122, 2, 249000, 498000),
(26, 127, 4, 29000, 116000),
(27, 113, 1, 119000, 119000),
(27, 119, 1, 239000, 239000),
(27, 123, 1, 269000, 269000),
(27, 126, 1, 19000, 19000),
(27, 131, 1, 10000, 10000),
(28, 113, 10, 119000, 1190000),
(28, 116, 4, 130000, 520000),
(28, 119, 3, 239000, 717000),
(28, 132, 5, 25000, 125000),
(29, 114, 4, 159000, 636000),
(29, 115, 1, 119000, 119000),
(29, 116, 1, 130000, 130000),
(29, 131, 2, 10000, 20000),
(30, 116, 1, 130000, 130000),
(30, 117, 7, 149000, 1043000),
(30, 123, 10, 269000, 2690000),
(30, 125, 1, 29000, 29000),
(30, 127, 2, 29000, 29000),
(31, 111, 1, 169000, 169000),
(31, 115, 6, 119000, 595000),
(31, 117, 1, 149000, 149000),
(31, 118, 1, 129000, 129000),
(31, 130, 4, 19000, 76000),
(32, 120, 5, 239000, 1195000),
(32, 121, 4, 229000, 916000),
(33, 116, 1, 130000, 130000),
(33, 119, 30, 239000, 7170000),
(35, 113, 1, 119000, 119000),
(35, 117, 1, 149000, 149000),
(35, 131, 8, 10000, 70000),
(37, 116, 1, 130000, 130000);

-- --------------------------------------------------------
--
-- Cấu trúc bảng cho bảng `hoadon`
--
DROP TABLE IF EXISTS `hoadon`;
CREATE TABLE `hoadon` (
  `MaHD` int(11) NOT NULL,
  `MaKH` int(11) NOT NULL,
  `MaNV` int(11) NOT NULL,
  `NgayLap` date NOT NULL,
  `TongTien` int(11) NOT NULL,
  `GhiChu` text NOT NULL
) ENGINE=InnoDB DEFAULT CHARSET=utf8mb4;

--
-- Đang đổ dữ liệu cho bảng `hoadon`
--
INSERT INTO `hoadon` (`MaHD`, `MaKH`, `MaNV`, `NgayLap`, `TongTien`, `GhiChu`) VALUES
(18, 4, 3, '2021-01-18', 1013600, 'Đã thanh toán'),
(19, 1, 1, '2021-01-20', 482400, 'Đã thanh toán'),
(20, 2, 1, '2021-01-28', 840000, 'Đã thanh toán'),
(21, 3, 2, '2021-02-07', 1045600, 'Đã thanh toán'),
(22, 1, 1, '2021-02-14', 1004000, 'Đã thanh toán'),
(23, 7, 3, '2021-02-16', 576800, 'Đã thanh toán'),
(24, 7, 2, '2021-03-08', 601300, 'Đã thanh toán'),
(25, 2, 2, '2021-03-09', 391300, 'Đã thanh toán'),
(26, 8, 4, '2021-03-12', 1286600, 'Đã thanh toán'),
(27, 8, 3, '2021-03-24', 590400, 'Đã thanh toán'),
(28, 7, 4, '2021-02-04', 2041600, 'Đã thanh toán'),
(29, 9, 2, '2021-04-10', 633500, 'Đã thanh toán'),
(30, 10, 4, '2021-04-15', 3136800, 'Đã thanh toán'),
(31, 11, 4, '2021-05-02', 782600, 'Đã thanh toán'),
(32, 11, 0, '2021-05-03', 1477700, 'Đã thanh toán'),
(33, 9, 0, '2021-05-06', 5110000, 'Đã thanh toán'),
(35, 3, 0, '2021-05-08', 304200, 'Đã thanh toán'),
(37, 2, 0, '2021-05-08', 117000, 'Đã thanh toán');

-- --------------------------------------------------------
--
-- Cấu trúc bảng cho bảng `sanpham`
--
DROP TABLE IF EXISTS `sanpham`;
CREATE TABLE `sanpham` (
  `MaSP` int(11) NOT NULL,
  `TenSP` varchar(255) NOT NULL,
  `HinhAnh` varchar(255) NOT NULL,
  `DonGia` int(11) NOT NULL
) ENGINE=InnoDB DEFAULT CHARSET=utf8mb4 COMMENT='Bang San Pham';

INSERT INTO `sanpham` (`MaSP`, `TenSP`, `HinhAnh`, `DonGia`) VALUES (145, 'Phở', 'pho.jpeg', 55000);
INSERT INTO `sanpham` (`MaSP`, `TenSP`, `HinhAnh`, `DonGia`) VALUES (146, 'Cơm', 'com.jpeg', 30000);
INSERT INTO `sanpham` (`MaSP`, `TenSP`, `HinhAnh`, `DonGia`) VALUES (147, 'Bún', 'bun.jpeg', 25000);


--
-- Chỉ mục cho bảng `cthoadon`
--
ALTER TABLE `cthoadon`
  ADD PRIMARY KEY (`MaHD`,`MaSP`),
  ADD KEY `cthoadon_ibfk_1` (`MaHD`);
	
--
-- Chỉ mục cho bảng `hoadon`
--
ALTER TABLE `hoadon`
  ADD PRIMARY KEY (`MaHD`);
	
--
-- Chỉ mục cho bảng `sanpham`
--
ALTER TABLE `sanpham`
  ADD PRIMARY KEY (`MaSP`);

--
-- AUTO_INCREMENT cho bảng `hoadon`
--
ALTER TABLE `hoadon`
  MODIFY `MaHD` int(11) NOT NULL AUTO_INCREMENT, AUTO_INCREMENT=38;
--
-- AUTO_INCREMENT cho bảng `sanpham`
--
ALTER TABLE `sanpham`
  MODIFY `MaSP` int(11) NOT NULL AUTO_INCREMENT, AUTO_INCREMENT=145;
--
-- Các ràng buộc cho bảng `cthoadon`
--
ALTER TABLE `cthoadon`
  ADD CONSTRAINT `cthoadon_ibfk_1` FOREIGN KEY (`MaHD`) REFERENCES `hoadon` (`MaHD`) ON DELETE CASCADE ON UPDATE CASCADE;
COMMIT;

/*!40101 SET CHARACTER_SET_CLIENT=@OLD_CHARACTER_SET_CLIENT */;
/*!40101 SET CHARACTER_SET_RESULTS=@OLD_CHARACTER_SET_RESULTS */;
/*!40101 SET COLLATION_CONNECTION=@OLD_COLLATION_CONNECTION */;
